"provided","standard"
"#adm1+name",NA
"Île-de-France","Île-de-France"
"Nouvelle-Aquitaine","Nouvelle-Aquitaine"
"North East and Yorkshire","North East and Yorkshire"
"South East","South East"
"Auvergne-Rhône-Alpes","Auvergne-Rhône-Alpes"
"London","London"
"Lombardia","Lombardia"
"Latvia","Latvia"
"Veneto","Veneto"
"Emilia-Romagna","Emilia-Romagna"
"Lazio","Lazio"
"Piemonte","Piemonte"
"England","England"
"Bolzano","Bolzano"
"Liguria","Liguria"
"Sicilia","Sicilia"
"Toscana","Toscana"
"Ticino","Ticino"
"Marche","Marche"
"Geneva","Geneva"
"Abruzzo","Abruzzo"
"Campania","Campania"
"Puglia","Puglia"
"North Brabant","North Brabant"
"Zurich","Zurich"
"Midlands","Midlands"
"Northern Ireland","Northern Ireland"
"Bourgogne-Franche-Comté","Bourgogne-Franche-Comté"
"Bretagne","Bretagne"
"Grand Est","Grand Est"
"Hauts-de-France","Hauts-de-France"
"Occitanie","Occitanie"
"Pays de la Loire","Pays de la Loire"
"Calabria","Calabria"
"North Holland","North Holland"
"Aargau","Aargau"
"Basel Country","Basel Country"
"Bern","Bern"
"Valais","Valais"
"Wales","Wales"
"Baden-Württemberg","Baden-Württemberg"
"Bayern","Bayern"
"Hessen","Hessen"
"Nordrhein-Westfalen","Nordrhein-Westfalen"
"Repatriierte","Repatriierte"
"Rheinland-Pfalz","Rheinland-Pfalz"
"Schleswig Holstein","Schleswig Holstein"
"South Holland","South Holland"
"Andalucía","Andalucía"
"Canarias","Canarias"
"Cantabria","Cantabria"
"Castilla y León","Castilla y León"
"Cataluña","Cataluña"
"Comunidad de Madrid","Comunidad de Madrid"
"Illes Balears","Illes Balears"
"País Vasco","País Vasco"
"Principado de Asturias","Principado de Asturias"
"East of England","East of England"
"South West","South West"
"Bremen","Bremen"
"Hamburg","Hamburg"
"Niedersachsen","Niedersachsen"
"Friuli Venezia Giulia","Friuli Venezia Giulia"
"Umbria","Umbria"
"Drenthe","Drenthe"
"Castilla-La Mancha","Castilla-La Mancha"
"Basel City","Basel City"
"Fribourg","Fribourg"
"North West","North West"
"Normandie","Normandie"
"Provence-Alpes-Côte d'Azur","Provence-Alpes-Côte d'Azur"
"Berlin","Berlin"
"Utrecht","Utrecht"
"Comunidad Foral de Navarra","Comunidad Foral de Navarra"
"Comunidad Valenciana","Comunidad Valenciana"
"Extremadura","Extremadura"
"La Rioja","La Rioja"
"Scotland","Scotland"
"Guadeloupe","Guadeloupe"
"Brandenburg","Brandenburg"
"Sachsen","Sachsen"
"Thüringen","Thüringen"
"Basilicata","Basilicata"
"Molise","Molise"
"Sardegna","Sardegna"
"Trento","Trento"
"Centro","Centro"
"Lisbon","Lisbon"
"Norte","Norte"
"Jura","Jura"
"St. Gallen","St. Gallen"
"Zug","Zug"
"Mecklenburg-Vorpommern","Mecklenburg-Vorpommern"
"NOT SPECIFIED","NOT SPECIFIED"
"Saarland","Saarland"
"Hungary","Hungary"
"Gelderland","Gelderland"
"Aragón","Aragón"
"Ciudad Autónoma de Ceuta","Ciudad Autónoma de Ceuta"
"Galicia","Galicia"
"Región de Murcia","Región de Murcia"
"Liechtenstein","Liechtenstein"
"Schaffhausen","Schaffhausen"
"Kärnten","Kärnten"
"Niederösterreich","Niederösterreich"
"Salzburg","Salzburg"
"Steiermark","Steiermark"
"Tirol","Tirol"
"Wien","Wien"
"Brussels","Brussels"
"Flanders","Flanders"
"Wallonia","Wallonia"
"Centre-Val de Loire","Centre-Val de Loire"
"Corse","Corse"
"Guyane","Guyane"
"Valle d'Aosta","Valle d'Aosta"
"Flevoland","Flevoland"
"Limburg","Limburg"
"Overijssel","Overijssel"
"Appenzell Ausserrhoden","Appenzell Ausserrhoden"
"Oberösterreich","Oberösterreich"
"Vorarlberg","Vorarlberg"
"Martinique","Martinique"
"Bratislava","Bratislava"
"Solothurn","Solothurn"
"Vaud","Vaud"
"Burgenland","Burgenland"
"Malta","Malta"
"Zeeland","Zeeland"
"Friesland","Friesland"
"Groningen","Groningen"
"Algarve","Algarve"
"Košice","Košice"
"Zilina","Zilina"
"Sachsen-Anhalt","Sachsen-Anhalt"
"Ireland","Ireland"
"Agder","Agder"
"Innlandet","Innlandet"
"Møre og Romsdal","Møre og Romsdal"
"Nordland","Nordland"
"Oslo","Oslo"
"Rogaland","Rogaland"
"Troms og Finnmark","Troms og Finnmark"
"Trøndelag","Trøndelag"
"Vestfold og Telemark","Vestfold og Telemark"
"Vestland","Vestland"
"Viken","Viken"
"Andorra","Andorra"
"Belarus","Belarus"
"Bosnia and Herzegovina","Bosnia and Herzegovina"
"Grad Zagreb","Grad Zagreb"
"Istarska","Istarska"
"Primorsko-Goranska","Primorsko-Goranska"
"Varaždinska","Varaždinska"
"Cyprus","Cyprus"
"Faroe","Faroe"
"Mainland","Mainland"
"Estonia","Estonia"
"La Réunion","La Réunion"
"Lithuania","Lithuania"
"Moldova","Moldova"
"San Marino","San Marino"
"Serbia","Serbia"
"Slovenia","Slovenia"
"Blekinge","Blekinge"
"Gävleborg","Gävleborg"
"Halland","Halland"
"Jämtland","Jämtland"
"Jönköping","Jönköping"
"Kalmar","Kalmar"
"Kronoberg","Kronoberg"
"Norrbotten","Norrbotten"
"Örebro","Örebro"
"Skåne","Skåne"
"Södermanland","Södermanland"
"Stockholm","Stockholm"
"Uppsala","Uppsala"
"Värmland","Värmland"
"Västerbotten","Västerbotten"
"Västernorrland","Västernorrland"
"Västra Götaland","Västra Götaland"
"Nidwalden","Nidwalden"
"Turkey","Turkey"
"Ayrshire and Arran","Ayrshire and Arran"
"Borders","Borders"
"Fife","Fife"
"Forth Valley","Forth Valley"
"Grampian","Grampian"
"Greater Glasgow and Clyde","Greater Glasgow and Clyde"
"Lanarkshire","Lanarkshire"
"Lothian","Lothian"
"Shetland","Shetland"
"Tayside","Tayside"
"Hovedstaden","Hovedstaden"
"Midtjylland","Midtjylland"
"Nordjylland","Nordjylland"
"Sjælland","Sjælland"
"Syddanmark","Syddanmark"
"Prešov","Prešov"
"Trencín","Trencín"
"Uri","Uri"
"Tiranë","Tiranë"
"Sisačko-moslavačka","Sisačko-moslavačka"
"Achaea","Achaea"
"Athens","Athens"
"East Attica","East Attica"
"Elis","Elis"
"Euboea","Euboea"
"Heraklion","Heraklion"
"Kastoria","Kastoria"
"Kozani","Kozani"
"Lesbos","Lesbos"
"Pireas","Pireas"
"Serron","Serron"
"Tessaloniki","Tessaloniki"
"Zakynthos","Zakynthos"
"Estrageiro","Estrageiro"
"Banská Bystrica","Banská Bystrica"
"Trnava","Trnava"
"Ciudad Autónoma de Melilla","Ciudad Autónoma de Melilla"
"Dalarna","Dalarna"
"Gotland","Gotland"
"Östergötland","Östergötland"
"Obwalden","Obwalden"
"Chernivtsi","Chernivtsi"
"Zhytomyr","Zhytomyr"
"Mayotte","Mayotte"
"Nitra","Nitra"
"Appenzell Innerrhoden","Appenzell Innerrhoden"
"Açores","Açores"
"Elbasan","Elbasan"
"Fier","Fier"
"Karlovačka","Karlovačka"
"Osječko-baranjska","Osječko-baranjska"
"Ioannina","Ioannina"
"Larissa","Larissa"
"Pieria","Pieria"
"West Attica","West Attica"
"Västmanland","Västmanland"
"Thurgau","Thurgau"
"Kyiv","Kyiv"
"Dumfries and Galloway","Dumfries and Galloway"
"Highland","Highland"
"Brodsko-Posavska","Brodsko-Posavska"
"Zadarska","Zadarska"
"Etelä-Karjala","Etelä-Karjala"
"Etelä-Pohjanmaa","Etelä-Pohjanmaa"
"Etelä-Savo","Etelä-Savo"
"HUS","HUS"
"Kanta-Häme","Kanta-Häme"
"Keski-Pohjanmaa","Keski-Pohjanmaa"
"Keski-Suomi","Keski-Suomi"
"Länsi-Pohja","Länsi-Pohja"
"Lappi","Lappi"
"Päijät-Häme","Päijät-Häme"
"Pirkanmaa","Pirkanmaa"
"Pohjois-Karjala","Pohjois-Karjala"
"Pohjois-Pohjanmaa","Pohjois-Pohjanmaa"
"Pohjois-Savo","Pohjois-Savo"
"Satakunta","Satakunta"
"Vaasa","Vaasa"
"Varsinais-Suomi","Varsinais-Suomi"
"West North","West North"
"Kilkis","Kilkis"
"Messinia","Messinia"
"Glarus","Glarus"
"Jihoceský","Jihoceský"
"Jihomoravský","Jihomoravský"
"Karlovarský","Karlovarský"
"Královéhradecký","Královéhradecký"
"Liberecký","Liberecký"
"Moravskoslezský","Moravskoslezský"
"Olomoucký","Olomoucký"
"Pardubický","Pardubický"
"Plzenský","Plzenský"
"Prague","Prague"
"Stredoceský","Stredoceský"
"Ústecký","Ústecký"
"Vysocina","Vysocina"
"Zlínský","Zlínský"
"Evros","Evros"
"Magnesia","Magnesia"
"Greater Reykjavík","Greater Reykjavík"
"Northeast Iceland","Northeast Iceland"
"Northwest Iceland","Northwest Iceland"
"South Iceland","South Iceland"
"Suðurnes Peninsula","Suðurnes Peninsula"
"Luxembourg","Luxembourg"
"Monaco","Monaco"
"Montenegro","Montenegro"
"Alentejo","Alentejo"
"Madeira","Madeira"
"Graubünden","Graubünden"
"Lucerne","Lucerne"
"Arta","Arta"
"Laconia","Laconia"
"Xanthis","Xanthis"
"Dubrovačko-neretvanska","Dubrovačko-neretvanska"
"Koprivničko-križevačka","Koprivničko-križevačka"
"Šibensko-kninska","Šibensko-kninska"
"Splitsko-Dalmatinska","Splitsko-Dalmatinska"
"Zagrebačka","Zagrebačka"
"Dodecaneso","Dodecaneso"
"Kavalas","Kavalas"
"Arkhangelsk","Arkhangelsk"
"Belgorod","Belgorod"
"Chuvashia","Chuvashia"
"Ivanovo","Ivanovo"
"Kaliningrad","Kaliningrad"
"Kaluga","Kaluga"
"Kemerovo","Kemerovo"
"Khabarovsk","Khabarovsk"
"Khakassia","Khakassia"
"Khanty-Mansi AO","Khanty-Mansi AO"
"Kirov","Kirov"
"Komi Republic","Komi Republic"
"Krasnodar","Krasnodar"
"Krasnoyarsk","Krasnoyarsk"
"Leningrad","Leningrad"
"Lipetsk","Lipetsk"
"Moscow","Moscow"
"Murmansk","Murmansk"
"Nizhny Novgorod","Nizhny Novgorod"
"Novosibirsk","Novosibirsk"
"Orenburg","Orenburg"
"Penza","Penza"
"Perm","Perm"
"Ryazan","Ryazan"
"Saint Petersburg","Saint Petersburg"
"Samara","Samara"
"Saratov","Saratov"
"Sverdlovsk","Sverdlovsk"
"Tambov","Tambov"
"Tatarstan","Tatarstan"
"Tomsk","Tomsk"
"Tula","Tula"
"Tver","Tver"
"Tyumen","Tyumen"
"Ulyanovsk","Ulyanovsk"
"Voronezh","Voronezh"
"Yakutia","Yakutia"
"Yaroslavl","Yaroslavl"
"Zabaykalsky","Zabaykalsky"
"Neuchâtel","Neuchâtel"
"Schwyz","Schwyz"
"Dnipropetrovsk","Dnipropetrovsk"
"Donetsk","Donetsk"
"Ivano-Frankivsk","Ivano-Frankivsk"
"Kiev region","Kiev region"
"West Fjords","West Fjords"
"Chelyabinsk","Chelyabinsk"
"Kurgan","Kurgan"
"Korçë","Korçë"
"Blagoevgrad","Blagoevgrad"
"Burgas","Burgas"
"Dobrich","Dobrich"
"Gabrovo","Gabrovo"
"Lovech","Lovech"
"Montana","Montana"
"Pazardzhik","Pazardzhik"
"Pernik","Pernik"
"Pleven","Pleven"
"Plovdiv","Plovdiv"
"Shumen","Shumen"
"Smolyan","Smolyan"
"Sofia City","Sofia City"
"Stara Zagora","Stara Zagora"
"Varna","Varna"
"Veliko Tarnovo","Veliko Tarnovo"
"Greenland","Greenland"
"West Iceland","West Iceland"
"Dolnośląskie","Dolnośląskie"
"Kujawsko-pomorskie","Kujawsko-pomorskie"
"Łódzkie","Łódzkie"
"Lubelskie","Lubelskie"
"Lubuskie","Lubuskie"
"Małopolskie","Małopolskie"
"Mazowieckie","Mazowieckie"
"Opolskie","Opolskie"
"Podkarpackie","Podkarpackie"
"Podlaskie","Podlaskie"
"Pomorskie","Pomorskie"
"Śląskie","Śląskie"
"Świętokrzyskie","Świętokrzyskie"
"Warmińsko-mazurskie","Warmińsko-mazurskie"
"Wielkopolskie","Wielkopolskie"
"Zachodniopomorskie","Zachodniopomorskie"
"Kabardino-Balkaria","Kabardino-Balkaria"
"Republic of Crimea","Republic of Crimea"
"Stavropol","Stavropol"
"Udmurtia","Udmurtia"
"Lviv","Lviv"
"Ternopil","Ternopil"
"Durrës","Durrës"
"Shkodër","Shkodër"
"Vlorë","Vlorë"
"Bjelovarsko-bilogorska","Bjelovarsko-bilogorska"
"Ličko-senjska","Ličko-senjska"
"Arkadias","Arkadias"
"Prevezas","Prevezas"
"Trikalon","Trikalon"
"Abroad","Abroad"
"Bryansk","Bryansk"
"Novgorod","Novgorod"
"Cherkasy","Cherkasy"
"Berat","Berat"
"Kukës","Kukës"
"Lezhë","Lezhë"
"Kyustendil","Kyustendil"
"Međimurska","Međimurska"
"East Iceland","East Iceland"
"Krapinsko-zagorska županija","Krapinsko-zagorska županija"
"Vukovarsko-srijemska","Vukovarsko-srijemska"
"Lefkadas","Lefkadas"
"Bashkortostan","Bashkortostan"
"Buryatia","Buryatia"
"Chechnya","Chechnya"
"Oryol","Oryol"
"Primorsky","Primorsky"
"Pskov","Pskov"
"Rostov","Rostov"
"Volgograd","Volgograd"
"Lugansk","Lugansk"
"Odessa","Odessa"
"Volyn","Volyn"
"Zaporizhzhia","Zaporizhzhia"
"Haskovo","Haskovo"
"Kardzhali","Kardzhali"
"Sliven","Sliven"
"Ahvenanmaa","Ahvenanmaa"
"Itä-Savo","Itä-Savo"
"Kainuu","Kainuu"
"Kymenlaakso","Kymenlaakso"
"Argolis","Argolis"
"Florina","Florina"
"Lasithi","Lasithi"
"North Macedonia","North Macedonia"
"Kherson","Kherson"
"Vinnytsia","Vinnytsia"
"Drama","Drama"
"Rethymnon","Rethymnon"
"Rivne","Rivne"
"Transcarpathian","Transcarpathian"
"Beozia","Beozia"
"Ikaria","Ikaria"
"Kefalonia","Kefalonia"
"Khalkidiki","Khalkidiki"
"Adygea","Adygea"
"Amur","Amur"
"Dagestan","Dagestan"
"Irkutsk","Irkutsk"
"Kostroma","Kostroma"
"Mordovia","Mordovia"
"Omsk","Omsk"
"Sakhalin","Sakhalin"
"Smolensk","Smolensk"
"Chernihiv","Chernihiv"
"Kharkiv","Kharkiv"
"Khmelnytsky","Khmelnytsky"
"Mykolaiv","Mykolaiv"
"Poltava","Poltava"
"Sumy","Sumy"
"Corfu","Corfu"
"Corinth","Corinth"
"Pella","Pella"
"Kirovograd","Kirovograd"
"Athos","Athos"
"Altai","Altai"
"Kalmykia","Kalmykia"
"Mari El","Mari El"
"Vladimir","Vladimir"
"Vologda","Vologda"
"Gorenjske","Gorenjske"
"Goriške","Goriške"
"Jugovzhodne","Jugovzhodne"
"Koroške","Koroške"
"Obalno-kraške","Obalno-kraške"
"Osrednjeslovenske","Osrednjeslovenske"
"Podravske","Podravske"
"Pomurske","Pomurske"
"Posavske","Posavske"
"Primorsko-notranjske","Primorsko-notranjske"
"Savinjske","Savinjske"
"Zasavske","Zasavske"
"Silistra","Silistra"
"Požeško-slavonska","Požeško-slavonska"
"Virovitičko-podravska","Virovitičko-podravska"
"Khios","Khios"
"Outside mainland Norway","Outside mainland Norway"
"Astrakhan","Astrakhan"
"Magadan","Magadan"
"Ruse","Ruse"
"Chania","Chania"
"Bács-Kiskun","Bács-Kiskun"
"Baranya","Baranya"
"Békés","Békés"
"Borsod-Abaúj-Zemplén","Borsod-Abaúj-Zemplén"
"Budapest","Budapest"
"Csongrád","Csongrád"
"Fejér","Fejér"
"Győr-Moson-Sopron","Győr-Moson-Sopron"
"Hajdú-Bihar","Hajdú-Bihar"
"Heves","Heves"
"Jász-Nagykun-Szolnok","Jász-Nagykun-Szolnok"
"Komárom-Esztergom","Komárom-Esztergom"
"Nógrád","Nógrád"
"Pest","Pest"
"Somogy","Somogy"
"Szabolcs-Szatmár-Bereg","Szabolcs-Szatmár-Bereg"
"Tolna","Tolna"
"Vas","Vas"
"Veszprém","Veszprém"
"Zala","Zala"
"Kursk","Kursk"
"North Ossetia-Alania","North Ossetia-Alania"
"Vidin","Vidin"
"Cyclades","Cyclades"
"Alba","Alba"
"Arad","Arad"
"Argeș","Argeș"
"Bacău","Bacău"
"Bihor","Bihor"
"Bistrița-Năsăud","Bistrița-Năsăud"
"Botoșani","Botoșani"
"Brăila","Brăila"
"Brașov","Brașov"
"București","București"
"Buzău","Buzău"
"Călărași","Călărași"
"Caraș-Severin","Caraș-Severin"
"Cluj","Cluj"
"Costanza","Costanza"
"Covasna","Covasna"
"Dâmbovița","Dâmbovița"
"Dolj","Dolj"
"Galați","Galați"
"Giurgiu","Giurgiu"
"Gorj","Gorj"
"Harghita","Harghita"
"Hunedoara","Hunedoara"
"Iași","Iași"
"Ialomița","Ialomița"
"Ilfov","Ilfov"
"Maramureș","Maramureș"
"Mehedinți","Mehedinți"
"Mureș","Mureș"
"Neamț","Neamț"
"Olt","Olt"
"Prahova","Prahova"
"Sălaj","Sălaj"
"Satu Mare","Satu Mare"
"Sibiu","Sibiu"
"Suceava","Suceava"
"Teleorman","Teleorman"
"Timiș","Timiș"
"Tulcea","Tulcea"
"Vâlcea","Vâlcea"
"Vaslui","Vaslui"
"Vrancea","Vrancea"
"Yamalo-Nenets AO","Yamalo-Nenets AO"
"Podravske,","Podravske,"
"Eileanan Siar (Western Isles)","Eileanan Siar (Western Isles)"
"Orkney","Orkney"
"Fthiotis","Fthiotis"
"Ingushetia","Ingushetia"
"Jewish AO","Jewish AO"
"Kamchatka","Kamchatka"
"Republic of Karelia","Republic of Karelia"
"Grevenon","Grevenon"
"Vratsa","Vratsa"
"Rodopi","Rodopi"
"Obalno-kraške,","Obalno-kraške,"
"Karachay-Cherkessia","Karachay-Cherkessia"
"Tuva","Tuva"
"Aitolia and Akarnania","Aitolia and Akarnania"
"Chukotka","Chukotka"
"Nenets","Nenets"
"Altai Republic","Altai Republic"
"Yambol","Yambol"
"Dibër","Dibër"
